{
  "akurasi": 0.81,
  "fn": 3,
  "fp": 5,
  "jumlah_kelas": 2,
  "label_list": [
    "negatif",
    "negatif",
    "negatif",
    "negatif",
    "positif",
    "positif",
    "positif",
    "positif",
    "negatif",
    "negatif",
    "negatif",
    "positif",
    "negatif",
    "negatif",
    "positif",
    "positif",
    "positif",
    "positif",
    "positif",
    "positif",
    "positif",
    "negatif",
    "negatif",
    "negatif",
    "positif",
    "negatif",
    "negatif",
    "negatif",
    "negatif",
    "positif",
    "positif",
    "negatif",
    "negatif",
    "positif",
    "negatif",
    "negatif",
    "positif",
    "positif",
    "positif",
    "negatif",
    "negatif",
    "negatif",
    "negatif"
  ],
  "predict_label": [
    "negatif",
    "negatif",
    "positif",
    "positif",
    "positif",
    "negatif",
    "positif",
    "positif",
    "negatif",
    "negatif",
    "positif",
    "positif",
    "negatif",
    "negatif",
    "positif",
    "positif",
    "positif",
    "positif",
    "positif",
    "positif",
    "positif",
    "negatif",
    "negatif",
    "negatif",
    "negatif",
    "negatif",
    "positif",
    "negatif",
    "negatif",
    "positif",
    "positif",
    "negatif",
    "negatif",
    "negatif",
    "negatif",
    "negatif",
    "positif",
    "positif",
    "positif",
    "negatif",
    "positif",
    "negatif",
    "negatif"
  ],
  "predict_prob": [
    [
      0.9538959444810413,
      0.04610405551895876
    ],
    [
      0.9356746107360033,
      0.06432538926399671
    ],
    [
      0.009671415024107127,
      0.9903285849758928
    ],
    [
      0.03099707714950212,
      0.9690029228504978
    ],
    [
      0.06281751079280658,
      0.9371824892071935
    ],
    [
      0.9903323668571979,
      0.009667633142802137
    ],
    [
      0.000590616175084348,
      0.9994093838249156
    ],
    [
      4.914550267457253e-05,
      0.9999508544973255
    ],
    [
      0.743512232549856,
      0.256487767450144
    ],
    [
      0.990398533257104,
      0.009601466742895862
    ],
    [
      0.4876983184995868,
      0.5123016815004132
    ],
    [
      0.07245945146553633,
      0.9275405485344638
    ],
    [
      0.798494662833843,
      0.20150533716615698
    ],
    [
      0.5463580705608425,
      0.4536419294391575
    ],
    [
      0.00815671402166323,
      0.9918432859783367
    ],
    [
      0.03291003420638895,
      0.9670899657936111
    ],
    [
      0.0018333927221746882,
      0.9981666072778252
    ],
    [
      5.102696499996765e-08,
      0.999999948973035
    ],
    [
      0.0026427390252513143,
      0.9973572609747486
    ],
    [
      0.3179693890994724,
      0.6820306109005275
    ],
    [
      0.030817747307544278,
      0.9691822526924557
    ],
    [
      0.916007061326485,
      0.08399293867351497
    ],
    [
      0.7376233572238654,
      0.26237664277613454
    ],
    [
      0.6551443719321446,
      0.34485562806785536
    ],
    [
      0.9644522975889658,
      0.03554770241103422
    ],
    [
      0.8625793237642797,
      0.13742067623572024
    ],
    [
      0.004195723290875753,
      0.9958042767091243
    ],
    [
      0.9995616925209176,
      0.0004383074790823334
    ],
    [
      0.8647258027790538,
      0.13527419722094622
    ],
    [
      3.7056347123705985e-05,
      0.9999629436528763
    ],
    [
      0.003932645172170534,
      0.9960673548278295
    ],
    [
      0.9344842460405925,
      0.06551575395940744
    ],
    [
      0.8488696271253476,
      0.15113037287465236
    ],
    [
      0.8669000001050462,
      0.13309999989495386
    ],
    [
      0.9605000784779832,
      0.03949992152201672
    ],
    [
      0.9446558537096906,
      0.05534414629030934
    ],
    [
      6.5326441249468095e-06,
      0.999993467355875
    ],
    [
      0.25888338968441565,
      0.7411166103155844
    ],
    [
      2.552516555395796e-05,
      0.999974474834446
    ],
    [
      0.9978492728087379,
      0.0021507271912620486
    ],
    [
      0.4854308456592365,
      0.5145691543407633
    ],
    [
      0.9962985884062887,
      0.003701411593711249
    ],
    [
      0.9721646897164262,
      0.02783531028357382
    ]
  ],
  "presisi": 0.76,
  "recall": 0.84,